id,name,type,subtype,cost,importance_factor,valid_from,valid_till
P_001,Part_1,raw,chemical,71.3988962447564,0.532248021706227,2024-01-01,2026-06-19
P_002,Part_2,raw,metal_rod,207.84258404516325,0.30072649343908175,2024-01-01,2026-05-20
P_003,Part_3,raw,metal_rod,16.40944863074798,0.4135059341896875,2024-01-01,2025-06-24
P_004,Part_4,raw,metal_sheet,226.67999591000995,0.4830897074100279,2024-01-01,2026-04-20
P_006,Part_6,raw,plastic_component,88.56378123525221,0.4831883565760451,2024-01-01,2025-08-23
P_007,Part_7,raw,electronic_component,17.300527128587316,0.6505570663159219,2024-01-01,2025-05-25
P_008,Part_8,raw,plastic_component,46.031792848385656,0.6574972908741451,2024-01-01,2025-09-22
P_009,Part_9,raw,electronic_component,115.30206682271191,0.6435330552223318,2024-01-01,2026-02-19
P_010,Part_10,raw,chemical,222.30161401795093,0.30322096211807625,2024-01-01,2026-03-21
P_011,Part_11,raw,plastic_component,105.180989362953,0.11174306901236922,2024-01-01,2026-04-20
P_012,Part_12,raw,electronic_component,205.17550677471212,0.18491877665001427,2024-01-01,2026-08-18
P_013,Part_13,raw,chemical,91.01746465985337,0.7618671686454318,2024-01-01,2026-07-19
P_014,Part_14,raw,electronic_component,116.17010791558567,0.1587044657453404,2024-01-01,2025-06-24
P_015,Part_15,raw,plastic_component,214.5539021715627,0.569892786989251,2024-01-01,2026-09-17
P_016,Part_16,raw,electronic_component,31.791810561966294,0.14415954707857886,2024-01-01,2025-08-23
P_017,Part_17,raw,plastic_component,43.53656771163022,0.8852945636159935,2024-01-01,2025-10-22
P_018,Part_18,raw,metal_sheet,180.29509310139449,0.6320702519951249,2024-01-01,2025-12-21
P_019,Part_19,raw,electronic_component,208.76054638109247,0.9408366860255871,2024-01-01,2026-07-19
P_020,Part_20,raw,metal_rod,139.50407525405498,0.19882056353845873,2024-01-01,2026-02-19
P_021,Part_21,raw,metal_sheet,170.24629418418377,0.8326730904820953,2024-01-01,2026-10-17
P_022,Part_22,raw,metal_sheet,218.6824633303329,0.943071665097508,2024-01-01,2025-05-25
P_023,Part_23,raw,chemical,169.2166445818505,0.6486070599629642,2024-01-01,2026-10-17
P_024,Part_24,raw,chemical,216.57083770912425,0.43262290039297746,2024-01-01,2025-06-24
P_025,Part_25,raw,electronic_component,32.328835133231834,0.16206516530474482,2024-01-01,2026-11-16
P_027,Part_27,raw,metal_sheet,13.799757870485871,0.3874857495802504,2024-01-01,2026-03-21
P_028,Part_28,raw,metal_sheet,113.58357340231596,0.6822003053476403,2024-01-01,2026-06-19
P_029,Part_29,raw,chemical,171.58725172006314,0.5541113862990805,2024-01-01,2025-10-22
P_030,Part_30,raw,metal_rod,279.30837684595116,0.49799755202977736,2024-01-01,2026-01-20
P_031,Part_31,raw,metal_sheet,131.36848000696028,0.1164216464466235,2024-01-01,2026-01-20
P_032,Part_32,raw,electronic_component,232.1737134728254,0.7758509375408281,2024-01-01,2025-07-24
P_033,Part_33,raw,chemical,92.06246328021683,0.643399966190034,2024-01-01,2025-06-24
P_034,Part_34,raw,plastic_component,102.06209517089451,0.37219267628386,2024-01-01,2026-06-19
P_035,Part_35,raw,chemical,138.5176401536955,0.8632569425646477,2024-01-01,2025-11-21
P_036,Part_36,raw,metal_sheet,258.22102693913376,0.44100526204923995,2024-01-01,2026-05-20
P_037,Part_37,raw,metal_rod,184.5849058390159,0.3069388437914694,2024-01-01,2025-10-22
P_038,Part_38,raw,electronic_component,55.41706183057678,0.6127366127466646,2024-01-01,2026-02-19
P_039,Part_39,raw,electronic_component,137.62338078141187,0.7376232461297236,2024-01-01,2026-02-19
P_041,Part_41,raw,electronic_component,129.2115076977017,0.8921292288027499,2024-01-01,2025-09-22
P_042,Part_42,raw,electronic_component,52.72032518247126,0.5199150523634312,2024-01-01,2025-12-21
P_044,Part_44,raw,chemical,143.72397168915228,0.40903461889489545,2024-01-01,2025-06-24
P_045,Part_45,raw,metal_rod,100.72315082666802,0.29590171057865133,2024-01-01,2026-01-20
P_046,Part_46,raw,electronic_component,234.41047598903094,0.933382318546498,2024-01-01,2026-02-19
P_047,Part_47,raw,metal_rod,102.174472562036,0.5090859614632088,2024-01-01,2025-04-25
P_048,Part_48,raw,metal_rod,108.17003335624582,0.7380511868674051,2024-01-01,2026-12-16
P_049,Part_49,raw,plastic_component,209.4582990224029,0.1798048346435533,2024-01-01,2025-12-21
P_050,Part_50,raw,metal_rod,100.65464434519856,0.41819104320030176,2024-01-01,2025-11-21
P_051,Part_51,raw,electronic_component,246.3912135081199,0.20989923555424345,2024-01-01,2026-11-16
P_052,Part_52,raw,metal_rod,110.02398008284521,0.6834151441872652,2024-01-01,2026-04-20
P_053,Part_53,raw,electronic_component,126.65154229399238,0.19377325065297019,2024-01-01,2026-07-19
P_054,Part_54,raw,metal_sheet,114.82362852213862,0.6051448697307302,2024-01-01,2025-11-21
P_055,Part_55,raw,metal_rod,62.67362387653234,0.2601594707356919,2024-01-01,2025-06-24
P_058,Part_58,raw,chemical,129.6841653570146,0.47960070590081905,2024-01-01,2025-04-25
P_059,Part_59,raw,metal_sheet,243.11041082148768,0.9697255126540025,2024-01-01,2025-06-24
P_060,Part_60,raw,electronic_component,206.04667058731496,0.905214826899032,2024-01-01,2025-12-21
P_061,Part_61,raw,metal_sheet,195.53656770719084,0.6297651826289257,2024-01-01,2026-07-19
P_063,Part_63,raw,metal_rod,190.13680166229932,0.2959424742708634,2024-01-01,2026-09-17
P_064,Part_64,raw,plastic_component,240.8118804065466,0.9623591412907722,2024-01-01,2025-06-24
P_065,Part_65,raw,electronic_component,125.48183823593357,0.29510980031640477,2024-01-01,2025-05-25
P_066,Part_66,raw,metal_sheet,250.83736333647502,0.5205962139627264,2024-01-01,2025-04-25
P_067,Part_67,raw,metal_sheet,132.8092390400831,0.19436820191465182,2024-01-01,2025-09-22
P_068,Part_68,raw,plastic_component,72.36473752906106,0.12728280156420968,2024-01-01,2026-02-19
P_069,Part_69,raw,plastic_component,20.300404065763036,0.69575546319681,2024-01-01,2026-08-18
P_070,Part_70,raw,chemical,53.137274934537864,0.5769964308890081,2024-01-01,2026-09-17
P_071,Part_71,raw,electronic_component,28.755407098251457,0.5029944623477529,2024-01-01,2026-11-16
P_072,Part_72,raw,plastic_component,237.00195499728392,0.627613643795557,2024-01-01,2025-07-24
P_073,Part_73,raw,metal_sheet,198.19929238563705,0.392086334546754,2024-01-01,2025-09-22
P_074,Part_74,raw,chemical,232.20179122596298,0.6666320243689754,2024-01-01,2025-03-26
P_075,Part_75,raw,plastic_component,128.4326172250088,0.8978311902263404,2024-01-01,2025-08-23
P_076,Part_76,raw,plastic_component,242.4456894835287,0.5779738473041249,2024-01-01,2025-05-25
P_077,Part_77,raw,plastic_component,188.44197187811582,0.39020477705862056,2024-01-01,2026-12-16
P_078,Part_78,raw,plastic_component,227.22471642565844,0.5105925053517315,2024-01-01,2026-06-19
P_080,Part_80,raw,metal_rod,170.40365814622507,0.8252438734952415,2024-01-01,2026-11-16
P_081,Part_81,raw,metal_rod,34.44142633397549,0.6780783504869137,2024-01-01,2026-06-19
P_082,Part_82,raw,plastic_component,125.78641494023289,0.26102799488816414,2024-01-01,2026-01-20
P_083,Part_83,raw,electronic_component,45.2365021928465,0.19581719614189486,2024-01-01,2025-07-24
P_085,Part_85,raw,chemical,128.46279783109335,0.5644111008363806,2024-01-01,2026-09-17
P_086,Part_86,raw,plastic_component,155.2589050313176,0.5641070418507409,2024-01-01,2026-06-19
P_087,Part_87,raw,chemical,150.36235328408176,0.6880161417567615,2024-01-01,2026-12-16
P_088,Part_88,raw,plastic_component,208.1230143500059,0.19809691268864194,2024-01-01,2026-09-17
P_089,Part_89,raw,metal_sheet,118.66609644533823,0.34618710319042045,2024-01-01,2025-10-22
P_090,Part_90,raw,metal_rod,39.89639444182543,0.6329005928020662,2024-01-01,2026-08-18
P_091,Part_91,raw,plastic_component,39.195776251862206,0.8909628617300202,2024-01-01,2026-09-17
P_092,Part_92,raw,metal_rod,59.76362156204417,0.606193897571546,2024-01-01,2026-12-16
P_093,Part_93,raw,metal_rod,225.10841107399827,0.4167968019794195,2024-01-01,2026-02-19
P_095,Part_95,raw,chemical,91.84008921678952,0.10729437391240906,2024-01-01,2025-10-22
P_096,Part_96,raw,metal_rod,252.62743713247954,0.18303430332634496,2024-01-01,2026-03-21
P_097,Part_97,raw,chemical,168.96191127733158,0.9210928153853296,2024-01-01,2025-08-23
P_098,Part_98,raw,electronic_component,153.9004741880985,0.6530202580597121,2024-01-01,2025-06-24
P_099,Part_99,raw,metal_sheet,43.637088458620845,0.8238131614258732,2024-01-01,2025-06-24
P_100,Part_100,raw,metal_rod,15.264619381881042,0.334078349377958,2024-01-01,2025-06-24
P_101,Part_101,raw,metal_sheet,53.36281958344987,0.7076984245936246,2024-01-01,2025-03-26
P_102,Part_102,raw,metal_sheet,80.4887276698204,0.8727150246594066,2024-01-01,2026-11-16
P_104,Part_104,raw,plastic_component,195.74347923005496,0.1845934492657682,2024-01-01,2025-07-24
P_105,Part_105,raw,plastic_component,40.797986438919665,0.7703915127894786,2024-01-01,2026-10-17
P_109,Part_109,raw,chemical,89.62428199422686,0.4207461974817026,2024-01-01,2025-09-22
P_110,Part_110,raw,metal_rod,158.08149147010016,0.9937003595575078,2024-01-01,2025-04-25
P_111,Part_111,raw,metal_rod,47.964903934752314,0.5613714401644055,2024-01-01,2025-12-21
P_114,Part_114,raw,chemical,25.392867961523976,0.810850896969946,2024-01-01,2026-09-17
P_115,Part_115,raw,electronic_component,66.89528686699595,0.5447236440035083,2024-01-01,2025-03-26
P_116,Part_116,raw,metal_rod,255.6963388997107,0.11330267189213844,2024-01-01,2025-03-26
P_118,Part_118,raw,metal_rod,142.15296320772552,0.7819632055427654,2024-01-01,2026-06-19
P_119,Part_119,raw,metal_rod,180.9161006800166,0.8644622070489328,2024-01-01,2025-08-23
P_120,Part_120,raw,metal_rod,69.39119940643117,0.9525975013482356,2024-01-01,2026-12-16
P_121,Part_121,raw,metal_rod,128.7850884003386,0.8100347768048344,2024-01-01,2026-05-20
P_122,Part_122,raw,metal_sheet,75.36655116510188,0.848533304347897,2024-01-01,2025-09-22
P_123,Part_123,raw,chemical,227.4416764005615,0.1022286957472823,2024-01-01,2026-12-16
P_124,Part_124,raw,metal_sheet,44.7517292600779,0.15507452806481029,2024-01-01,2026-06-19
P_125,Part_125,raw,metal_sheet,21.331058297791945,0.9514373196153683,2024-01-01,2025-05-25
P_127,Part_127,raw,electronic_component,138.58261920945924,0.8376309207910979,2024-01-01,2026-11-16
P_128,Part_128,raw,metal_rod,92.11040129025332,0.8250603395475758,2024-01-01,2025-09-22
P_129,Part_129,raw,electronic_component,271.2532066610559,0.24481996547003682,2024-01-01,2025-06-24
P_130,Part_130,raw,chemical,151.68288178054465,0.26067075441916826,2024-01-01,2025-08-23
P_131,Part_131,raw,electronic_component,257.2581232566747,0.7195331558015302,2024-01-01,2025-07-24
P_132,Part_132,raw,plastic_component,109.74481785785694,0.16764215460790388,2024-01-01,2026-12-16
P_133,Part_133,raw,metal_sheet,121.98616512399869,0.46583180806643176,2024-01-01,2025-11-21
P_134,Part_134,raw,metal_rod,157.77234070550554,0.7558979400870155,2024-01-01,2026-12-16
P_135,Part_135,raw,plastic_component,65.17432842661172,0.38669911975877214,2024-01-01,2026-04-20
P_136,Part_136,raw,plastic_component,203.66902646244736,0.42196049620792964,2024-01-01,2026-12-16
P_137,Part_137,raw,metal_sheet,70.68885950160924,0.8695488944937992,2024-01-01,2025-11-21
P_138,Part_138,raw,metal_rod,215.03271609274398,0.17096444600167307,2024-01-01,2026-05-20
P_139,Part_139,raw,chemical,137.42467705690694,0.6577531914089157,2024-01-01,2025-10-22
P_140,Part_140,raw,metal_rod,59.45537718546959,0.21920743906689452,2024-01-01,2026-04-20
P_141,Part_141,raw,metal_sheet,178.47107902026005,0.4759195486304628,2024-01-01,2026-07-19
P_142,Part_142,raw,chemical,129.66564013983577,0.5768104356532517,2024-01-01,2026-05-20
P_143,Part_143,raw,electronic_component,130.20908926317566,0.8688299677837178,2024-01-01,2026-12-16
P_144,Part_144,raw,electronic_component,147.2732639661269,0.8445017207752814,2024-01-01,2026-11-16
P_145,Part_145,raw,metal_sheet,227.872518387434,0.789139080833965,2024-01-01,2026-05-20
P_146,Part_146,raw,metal_rod,228.35776263513375,0.421668831420123,2024-01-01,2025-05-25
P_147,Part_147,raw,electronic_component,45.69969539530474,0.5233437057575182,2024-01-01,2025-07-24
P_148,Part_148,raw,chemical,248.7673017951747,0.7601098501882971,2024-01-01,2026-06-19
P_149,Part_149,raw,chemical,210.48482582880558,0.4111334142438807,2024-01-01,2025-07-24
P_150,Part_150,raw,chemical,55.6665813678572,0.17991120656365134,2024-01-01,2025-04-25
P_151,Part_151,raw,metal_rod,194.89528602417099,0.9882201201385624,2024-01-01,2026-10-17
P_152,Part_152,raw,chemical,17.988592318764688,0.6640746366363212,2024-01-01,2026-07-19
P_153,Part_153,raw,plastic_component,97.5356466186802,0.38875661439357634,2024-01-01,2026-03-21
P_154,Part_154,raw,electronic_component,167.14222847278577,0.1984264263204047,2024-01-01,2026-11-16
P_155,Part_155,raw,chemical,167.79648191986252,0.7488610178896938,2024-01-01,2025-10-22
P_157,Part_157,raw,chemical,59.46690815272521,0.7180964056982355,2024-01-01,2026-06-19
P_158,Part_158,raw,metal_rod,167.72565347453866,0.8812309069095431,2024-01-01,2025-03-26
P_159,Part_159,raw,electronic_component,81.01895207111627,0.8364432342153919,2024-01-01,2026-01-20
P_160,Part_160,raw,metal_rod,202.8380216734458,0.9557751812330758,2024-01-01,2026-10-17
P_161,Part_161,raw,metal_rod,213.66249147334582,0.8099368289802795,2024-01-01,2026-05-20
P_162,Part_162,raw,metal_rod,143.7150295972819,0.35092600417333786,2024-01-01,2025-04-25
P_163,Part_163,raw,chemical,44.80616047618853,0.8236091330517347,2024-01-01,2025-07-24
P_164,Part_164,raw,plastic_component,105.17336556858011,0.2585119055403753,2024-01-01,2025-03-26
P_165,Part_165,raw,metal_sheet,44.94667063776144,0.7621493278665074,2024-01-01,2025-12-21
P_166,Part_166,raw,plastic_component,141.34449734961743,0.1979965180683757,2024-01-01,2025-10-22
P_167,Part_167,raw,plastic_component,195.98623879130886,0.7927773035663632,2024-01-01,2026-12-16
P_168,Part_168,raw,chemical,238.88682556585158,0.5862030161536854,2024-01-01,2025-06-24
P_169,Part_169,raw,electronic_component,89.02251772501505,0.10487542032658681,2024-01-01,2026-01-20
P_170,Part_170,raw,metal_rod,90.27559522867774,0.30373514082474756,2024-01-01,2025-08-23
P_172,Part_172,raw,electronic_component,30.169016143655682,0.5160793735286544,2024-01-01,2026-04-20
P_173,Part_173,raw,electronic_component,37.643409827190546,0.7656452655964886,2024-01-01,2026-06-19
P_174,Part_174,raw,electronic_component,108.72158520135578,0.8817232735463776,2024-01-01,2025-04-25
P_175,Part_175,raw,chemical,248.54786057943477,0.8597144182711322,2024-01-01,2025-11-21
P_177,Part_177,raw,chemical,55.11342844626463,0.5858664289304285,2024-01-01,2025-04-25
P_178,Part_178,raw,plastic_component,168.1806595781264,0.7719272236567093,2024-01-01,2026-07-19
P_179,Part_179,raw,electronic_component,144.03138610228126,0.986789594068631,2024-01-01,2026-05-20
P_180,Part_180,raw,electronic_component,173.26590802577329,0.3190581124335101,2024-01-01,2025-07-24
P_181,Part_181,raw,chemical,116.81789508694126,0.7616178926549171,2024-01-01,2025-06-24
P_182,Part_182,raw,electronic_component,82.20553764298974,0.3569686668062073,2024-01-01,2026-09-17
P_183,Part_183,raw,plastic_component,244.0060492022143,0.6588200337248585,2024-01-01,2025-04-25
P_185,Part_185,raw,chemical,23.238439277825925,0.7754798304264962,2024-01-01,2025-03-26
P_186,Part_186,raw,electronic_component,244.89342663043203,0.9132067686201267,2024-01-01,2025-11-21
P_187,Part_187,raw,metal_rod,61.33165085478582,0.6127942096833177,2024-01-01,2025-12-21
P_188,Part_188,raw,electronic_component,163.99051049107683,0.869481274735758,2024-01-01,2025-05-25
P_189,Part_189,raw,metal_rod,67.76847637051794,0.3535594040360115,2024-01-01,2025-11-21
P_190,Part_190,raw,plastic_component,17.61825081384474,0.18530622426430832,2024-01-01,2025-12-21
P_191,Part_191,raw,plastic_component,58.20972644310997,0.626571982886679,2024-01-01,2025-08-23
P_192,Part_192,raw,metal_rod,253.71929746948422,0.34656432794573605,2024-01-01,2025-07-24
P_193,Part_193,raw,plastic_component,36.913485185106005,0.8500745456330872,2024-01-01,2026-09-17
P_194,Part_194,raw,plastic_component,38.764069991791466,0.9412314503290935,2024-01-01,2025-06-24
P_195,Part_195,raw,metal_rod,180.85578660102072,0.7378821613319253,2024-01-01,2026-12-16
P_196,Part_196,raw,chemical,87.41087746708892,0.567372041392947,2024-01-01,2025-11-21
P_197,Part_197,raw,plastic_component,29.27693606568937,0.4894856385088058,2024-01-01,2026-06-19
P_198,Part_198,raw,metal_rod,89.69944047439982,0.16846340183964184,2024-01-01,2026-09-17
P_199,Part_199,raw,electronic_component,83.85337337116208,0.6148796374153699,2024-01-01,2026-03-21
P_200,Part_200,raw,metal_rod,55.861713942460185,0.8363669064963437,2024-01-01,2026-06-19
P_202,Part_202,raw,plastic_component,105.30676330734443,0.8396307449696297,2024-01-01,2026-09-17
P_203,Part_203,raw,metal_sheet,192.20304106502752,0.7009590232767487,2024-01-01,2026-06-19
P_205,Part_205,raw,metal_sheet,12.870570581441735,0.5117510665986679,2024-01-01,2025-03-26
P_206,Part_206,raw,plastic_component,165.50543496475382,0.3794170572288349,2024-01-01,2025-03-26
P_208,Part_208,raw,electronic_component,168.13837967874903,0.995840530074364,2024-01-01,2025-12-21
P_209,Part_209,raw,electronic_component,193.63830310842278,0.5356498032311799,2024-01-01,2026-02-19
P_210,Part_210,raw,metal_sheet,210.37554890175278,0.36168589362933556,2024-01-01,2025-11-21
P_211,Part_211,raw,plastic_component,231.61381917398015,0.605001190927703,2024-01-01,2026-09-17
P_212,Part_212,raw,plastic_component,282.0171797125072,0.16411568784793648,2024-01-01,2025-06-24
P_213,Part_213,raw,chemical,125.20044988035504,0.2962823116854475,2024-01-01,2025-04-25
P_216,Part_216,raw,electronic_component,76.35405867619977,0.5926612173787628,2024-01-01,2025-03-26
P_217,Part_217,raw,chemical,31.329419116222365,0.9819352779612849,2024-01-01,2026-01-20
P_218,Part_218,raw,metal_sheet,204.48965882273535,0.7672614590294681,2024-01-01,2026-07-19
P_220,Part_220,raw,metal_rod,37.3196401440351,0.37267142262055464,2024-01-01,2026-01-20
P_221,Part_221,raw,metal_rod,25.11656098659331,0.6750628703895387,2024-01-01,2026-04-20
P_222,Part_222,raw,plastic_component,213.20809038162082,0.8052498599757767,2024-01-01,2026-06-19
P_223,Part_223,raw,electronic_component,171.66048627180012,0.47616229353633266,2024-01-01,2025-07-24
P_224,Part_224,raw,chemical,236.15611860997814,0.6178688935465513,2024-01-01,2026-08-18
P_225,Part_225,raw,metal_rod,174.5228834655946,0.98897560191877,2024-01-01,2025-10-22
P_226,Part_226,raw,metal_rod,79.59723811657045,0.7672428652755489,2024-01-01,2026-10-17
P_227,Part_227,raw,metal_rod,250.00323869942312,0.19399510285189636,2024-01-01,2026-04-20
P_228,Part_228,raw,electronic_component,235.69324798258472,0.813912535697933,2024-01-01,2025-12-21
P_229,Part_229,raw,electronic_component,31.16251882591112,0.3112613640099583,2024-01-01,2025-04-25
P_230,Part_230,raw,plastic_component,222.22862406336355,0.16674268475340925,2024-01-01,2026-10-17
P_231,Part_231,raw,metal_sheet,213.1177792743325,0.9691762853111053,2024-01-01,2025-06-24
P_232,Part_232,raw,plastic_component,89.82816318743501,0.2968411837786413,2024-01-01,2026-09-17
P_233,Part_233,raw,electronic_component,240.2526134627842,0.9938517968103431,2024-01-01,2025-11-21
P_234,Part_234,raw,electronic_component,243.05802255513396,0.7073421151539094,2024-01-01,2025-05-25
P_235,Part_235,raw,chemical,43.46760719810309,0.38483737241842764,2024-01-01,2025-05-25
P_237,Part_237,raw,plastic_component,158.66660873195082,0.17490620658186345,2024-01-01,2026-05-20
P_238,Part_238,raw,metal_rod,146.45133826067828,0.7342290789361527,2024-01-01,2026-07-19
P_239,Part_239,raw,metal_sheet,80.56391485404853,0.7731869254067065,2024-01-01,2025-03-26
P_240,Part_240,raw,metal_sheet,223.61920603848216,0.20739955242371444,2024-01-01,2026-10-17
P_242,Part_242,raw,plastic_component,223.43194701249146,0.3947442238395976,2024-01-01,2025-03-26
P_243,Part_243,raw,chemical,61.04962864217476,0.1101514201969411,2024-01-01,2026-01-20
P_244,Part_244,raw,metal_sheet,173.520145358708,0.9095065156871229,2024-01-01,2025-12-21
P_245,Part_245,raw,metal_rod,136.7590731497053,0.4097568144082736,2024-01-01,2025-09-22
P_246,Part_246,raw,plastic_component,62.89141193516601,0.2727229265810015,2024-01-01,2026-08-18
P_247,Part_247,raw,metal_sheet,107.62808557559585,0.9269303759223219,2024-01-01,2025-09-22
P_248,Part_248,raw,metal_rod,253.67125807486627,0.9640071266093224,2024-01-01,2026-01-20
P_249,Part_249,raw,chemical,194.81345239726252,0.43539301697999966,2024-01-01,2026-02-19
P_251,Part_251,raw,plastic_component,88.27003753528707,0.2754861797754894,2024-01-01,2026-12-16
P_253,Part_253,raw,metal_rod,37.928634355949995,0.8940170612564354,2024-01-01,2026-02-19
P_254,Part_254,raw,plastic_component,24.154108064762436,0.32084169114465366,2024-01-01,2026-02-19
P_257,Part_257,raw,metal_sheet,154.4214943051077,0.9972324163471343,2024-01-01,2025-05-25
P_258,Part_258,raw,chemical,206.26541410195452,0.3617730723110978,2024-01-01,2025-11-21
P_260,Part_260,raw,plastic_component,267.2719329092208,0.9582568631618467,2024-01-01,2026-10-17
P_261,Part_261,raw,plastic_component,36.65763754786343,0.7568577388682808,2024-01-01,2026-06-19
P_263,Part_263,raw,chemical,105.75384683008943,0.7120077007094745,2024-01-01,2026-06-19
P_264,Part_264,raw,plastic_component,227.7746333509561,0.23884596581398274,2024-01-01,2025-07-24
P_265,Part_265,raw,metal_rod,68.6747417607571,0.8947103424201359,2024-01-01,2025-05-25
P_266,Part_266,raw,electronic_component,60.104352007435935,0.7769415968133735,2024-01-01,2026-03-21
P_267,Part_267,raw,electronic_component,183.1691703914752,0.8568342955666617,2024-01-01,2026-09-17
P_268,Part_268,raw,plastic_component,66.7740377712488,0.5583114908875751,2024-01-01,2025-12-21
P_269,Part_269,raw,metal_sheet,107.14060330003484,0.9778971368711232,2024-01-01,2025-03-26
P_270,Part_270,raw,metal_sheet,185.48814517986003,0.7924444634314479,2024-01-01,2026-05-20
P_271,Part_271,raw,plastic_component,226.2129166849203,0.13729214744536372,2024-01-01,2026-08-18
P_272,Part_272,raw,plastic_component,49.96600300457078,0.9228950034087996,2024-01-01,2026-12-16
P_273,Part_273,raw,chemical,164.8202993563742,0.1759048923128434,2024-01-01,2026-01-20
P_274,Part_274,raw,chemical,166.83924615800825,0.5926657094686516,2024-01-01,2026-09-17
P_275,Part_275,raw,electronic_component,105.02482817222818,0.113531965673967,2024-01-01,2026-03-21
P_276,Part_276,raw,metal_rod,36.964482317830544,0.38669740063752334,2024-01-01,2025-07-24
P_277,Part_277,raw,metal_sheet,223.6466886310141,0.2274348512090127,2024-01-01,2025-04-25
P_278,Part_278,raw,electronic_component,68.74553619829642,0.8656803877784631,2024-01-01,2026-04-20
P_279,Part_279,raw,metal_rod,64.47908414957926,0.6035838125696159,2024-01-01,2026-01-20
P_280,Part_280,raw,metal_rod,197.9193522940086,0.26755318226757596,2024-01-01,2026-08-18
P_281,Part_281,raw,plastic_component,175.8745877422492,0.1484932225094565,2024-01-01,2025-10-22
P_282,Part_282,raw,chemical,151.72767788582007,0.47519076206585087,2024-01-01,2025-06-24
P_283,Part_283,raw,electronic_component,112.71437670168702,0.28856870339916857,2024-01-01,2025-08-23
P_284,Part_284,raw,metal_rod,36.425300056605145,0.9850611478694531,2024-01-01,2025-07-24
P_286,Part_286,raw,chemical,237.9621662726824,0.1921798644486972,2024-01-01,2025-09-22
P_287,Part_287,raw,metal_rod,161.08006861507243,0.45858393417332943,2024-01-01,2026-01-20
P_288,Part_288,raw,electronic_component,19.678400511914624,0.5461415656668128,2024-01-01,2026-01-20
P_289,Part_289,raw,chemical,96.49867065027433,0.16788572381291889,2024-01-01,2026-05-20
P_290,Part_290,raw,metal_sheet,243.5746663336098,0.43006561246812003,2024-01-01,2026-04-20
P_291,Part_291,raw,metal_sheet,65.28201062599241,0.6107361224743044,2024-01-01,2026-06-19
P_292,Part_292,raw,electronic_component,178.48854739248506,0.19287120184599643,2024-01-01,2026-11-16
P_293,Part_293,raw,metal_rod,18.530159675674582,0.43691142225509916,2024-01-01,2026-03-21
P_296,Part_296,raw,electronic_component,155.8378339522737,0.8478152840183886,2024-01-01,2026-09-17
P_297,Part_297,raw,plastic_component,184.49507829328894,0.707167127908044,2024-01-01,2026-04-20
P_299,Part_299,raw,metal_rod,132.38716991120683,0.8827520248219781,2024-01-01,2026-09-17
P_300,Part_300,raw,metal_sheet,117.14362663387652,0.3611328885231916,2024-01-01,2025-08-23
P_301,Part_301,raw,electronic_component,74.82967004939532,0.19969709612926922,2024-01-01,2026-12-16
P_302,Part_302,raw,metal_sheet,179.853650750283,0.9683339412405109,2024-01-01,2026-11-16
P_303,Part_303,raw,metal_sheet,67.35403394137514,0.20542632843711153,2024-01-01,2026-06-19
P_304,Part_304,raw,metal_sheet,146.42994148161688,0.908692868748851,2024-01-01,2026-04-20
P_305,Part_305,raw,electronic_component,116.96667777782388,0.943931921891222,2024-01-01,2025-07-24
P_307,Part_307,raw,chemical,127.9310166333054,0.9283020361988076,2024-01-01,2025-12-21
P_308,Part_308,raw,electronic_component,165.28535842061908,0.8703573899576855,2024-01-01,2025-04-25
P_309,Part_309,raw,metal_rod,239.66554696652304,0.3076667167644948,2024-01-01,2025-12-21
P_312,Part_312,raw,metal_rod,235.42328290811705,0.6809810467389473,2024-01-01,2026-07-19
P_313,Part_313,raw,metal_sheet,43.484373775829724,0.19266062848513277,2024-01-01,2025-08-23
P_314,Part_314,raw,metal_sheet,236.30302687990692,0.8406922974939894,2024-01-01,2025-05-25
P_315,Part_315,raw,plastic_component,32.96767771254543,0.4437857145065911,2024-01-01,2026-04-20
P_316,Part_316,raw,electronic_component,151.97786917541407,0.21356781726179294,2024-01-01,2026-06-19
P_317,Part_317,raw,metal_sheet,46.90324670788864,0.7261811400017429,2024-01-01,2025-07-24
P_318,Part_318,raw,metal_sheet,226.09755632855786,0.8558698714918713,2024-01-01,2025-06-24
P_319,Part_319,raw,metal_rod,110.52146759275558,0.6200595084012275,2024-01-01,2026-02-19
P_320,Part_320,raw,chemical,236.42867699767933,0.5534098697228625,2024-01-01,2025-07-24
P_321,Part_321,raw,chemical,91.35738617713591,0.3564918676412234,2024-01-01,2025-08-23
P_322,Part_322,raw,plastic_component,65.65273001611416,0.891679662637927,2024-01-01,2026-06-19
P_323,Part_323,raw,plastic_component,241.38926950495542,0.6937958829030939,2024-01-01,2026-02-19
P_324,Part_324,raw,electronic_component,15.50952339998795,0.46662480051584043,2024-01-01,2025-11-21
P_325,Part_325,raw,metal_rod,123.32110494161884,0.1207863044756286,2024-01-01,2025-03-26
P_326,Part_326,raw,chemical,29.473501693032308,0.12803072763827492,2024-01-01,2026-05-20
P_327,Part_327,raw,metal_rod,268.6245080062991,0.8621031349957233,2024-01-01,2026-09-17
P_328,Part_328,raw,chemical,173.78908586169146,0.5734470306606262,2024-01-01,2025-11-21
P_329,Part_329,raw,plastic_component,194.56352903594362,0.6657497566726452,2024-01-01,2025-09-22
P_330,Part_330,raw,electronic_component,137.77196091340306,0.2020251717290908,2024-01-01,2026-11-16
P_331,Part_331,raw,metal_rod,17.52910228040392,0.707385378620663,2024-01-01,2025-12-21
P_332,Part_332,raw,metal_sheet,248.61207334897298,0.6717891825825506,2024-01-01,2026-08-18
P_333,Part_333,raw,plastic_component,48.319597054285985,0.9648096338776935,2024-01-01,2026-07-19
P_334,Part_334,raw,chemical,233.80473518216283,0.5067132775396651,2024-01-01,2026-09-17
P_336,Part_336,raw,electronic_component,35.23123601059602,0.6369968714993799,2024-01-01,2026-01-20
P_337,Part_337,raw,plastic_component,224.74934377591106,0.31742306859446,2024-01-01,2025-06-24
P_338,Part_338,raw,metal_rod,127.13327414552232,0.40364460966314486,2024-01-01,2025-09-22
P_339,Part_339,raw,chemical,148.62002255959666,0.1849803473441581,2024-01-01,2026-12-16
P_340,Part_340,raw,electronic_component,109.54409117815025,0.11204811300491133,2024-01-01,2026-07-19
P_341,Part_341,raw,metal_rod,107.99169194763745,0.3523370062387623,2024-01-01,2026-06-19
P_342,Part_342,raw,plastic_component,208.07866838793927,0.2053816243008927,2024-01-01,2026-07-19
P_343,Part_343,raw,electronic_component,18.54975066457787,0.8837506472854235,2024-01-01,2026-06-19
P_344,Part_344,raw,metal_rod,103.21478883655988,0.345719068748804,2024-01-01,2025-06-24
P_345,Part_345,raw,metal_sheet,244.14498086007856,0.1514890570027839,2024-01-01,2026-03-21
P_346,Part_346,raw,metal_sheet,169.25493150438533,0.4363183440625428,2024-01-01,2025-08-23
P_347,Part_347,raw,chemical,38.39063938795719,0.3174125499068827,2024-01-01,2026-01-20
P_348,Part_348,raw,metal_sheet,55.36284769401258,0.8352117459041073,2024-01-01,2026-05-20
P_351,Part_351,raw,metal_sheet,56.91877464453959,0.7517388542783937,2024-01-01,2025-04-25
P_353,Part_353,raw,plastic_component,254.38096828321184,0.22323513378363685,2024-01-01,2025-12-21
P_354,Part_354,raw,plastic_component,239.68323006984255,0.3962126008327874,2024-01-01,2025-05-25
P_355,Part_355,raw,metal_sheet,199.89814049539703,0.8849723297387766,2024-01-01,2026-11-16
P_356,Part_356,raw,chemical,42.039911813570676,0.5252319185734173,2024-01-01,2026-02-19
P_357,Part_357,raw,electronic_component,66.65127380199938,0.9916790366653823,2024-01-01,2026-03-21
P_358,Part_358,raw,plastic_component,26.75467590322422,0.6549899266547525,2024-01-01,2026-06-19
P_359,Part_359,raw,metal_rod,157.74037560614835,0.49782894885886675,2024-01-01,2026-08-18
P_360,Part_360,raw,plastic_component,36.36849665092434,0.389804147881578,2024-01-01,2026-02-19
P_362,Part_362,subassembly,sensor_array,182.86248473050426,0.1816237244403171,2024-01-01,2025-06-24
P_363,Part_363,subassembly,power_unit,118.169827725077,0.7349544569433782,2024-01-01,2025-07-24
P_364,Part_364,subassembly,power_unit,167.3052551339995,0.7415077012080369,2024-01-01,2026-07-19
P_365,Part_365,subassembly,control_panel,155.53996684772028,0.6014683814900663,2024-01-01,2026-09-17
P_366,Part_366,subassembly,sensor_array,166.57258401816253,0.5281767064767248,2024-01-01,2025-08-23
P_367,Part_367,subassembly,power_unit,217.54424185867308,0.4130672147231793,2024-01-01,2025-10-22
P_368,Part_368,subassembly,control_panel,203.41047669217784,0.7099926323297202,2024-01-01,2026-09-17
P_369,Part_369,subassembly,housing_unit,213.76074174568683,0.3834661331685906,2024-01-01,2026-04-20
P_370,Part_370,subassembly,circuit_board,199.9673317304957,0.12173220264028574,2024-01-01,2026-09-17
P_372,Part_372,subassembly,circuit_board,142.96860597299508,0.521889366676836,2024-01-01,2026-11-16
P_373,Part_373,subassembly,sensor_array,149.04753155134443,0.19134157392094364,2024-01-01,2025-10-22
P_374,Part_374,subassembly,sensor_array,172.0600529275703,0.7127032598108579,2024-01-01,2026-05-20
P_375,Part_375,subassembly,control_panel,154.93062729982046,0.3806705824700586,2024-01-01,2025-09-22
P_376,Part_376,subassembly,control_panel,143.57962814448575,0.16036991553795096,2024-01-01,2025-07-24
P_377,Part_377,subassembly,sensor_array,236.6729214215943,0.8216041277731686,2024-01-01,2026-06-19
P_378,Part_378,subassembly,power_unit,48.80723463352875,0.9314297116438826,2024-01-01,2025-06-24
P_380,Part_380,subassembly,power_unit,106.7452424286707,0.12002701543357983,2024-01-01,2025-09-22
P_381,Part_381,subassembly,control_panel,144.6057224520543,0.1872726598522787,2024-01-01,2025-03-26
P_382,Part_382,subassembly,power_unit,55.024808866878956,0.8640729682086203,2024-01-01,2025-04-25
P_383,Part_383,subassembly,power_unit,218.92490532289267,0.4495795793009234,2024-01-01,2025-05-25
P_384,Part_384,subassembly,power_unit,213.52838458255025,0.3273251967761863,2024-01-01,2026-07-19
P_385,Part_385,subassembly,circuit_board,71.81768599030235,0.7666892859383202,2024-01-01,2025-05-25
P_387,Part_387,subassembly,control_panel,198.45347483719192,0.11693753724307338,2024-01-01,2026-04-20
P_388,Part_388,subassembly,circuit_board,152.35551408815826,0.5009461685243357,2024-01-01,2025-06-24
P_389,Part_389,subassembly,sensor_array,255.68789550353378,0.44496939439969374,2024-01-01,2025-12-21
P_390,Part_390,subassembly,control_panel,235.41599066922421,0.43415602160785804,2024-01-01,2026-01-20
P_391,Part_391,subassembly,circuit_board,73.24955232877181,0.8550795557488772,2024-01-01,2026-01-20
P_392,Part_392,subassembly,control_panel,97.10971962616085,0.9158814732180715,2024-01-01,2026-08-18
P_393,Part_393,subassembly,control_panel,229.64862481514874,0.17565858868942286,2024-01-01,2026-11-16
P_394,Part_394,subassembly,circuit_board,218.4751256933748,0.2550965358601781,2024-01-01,2025-06-24
P_395,Part_395,subassembly,power_unit,92.66902150696775,0.8776300949365211,2024-01-01,2026-04-20
P_396,Part_396,subassembly,power_unit,162.6836189049867,0.28575307791837284,2024-01-01,2026-07-19
P_397,Part_397,subassembly,power_unit,87.06534733350476,0.35315760763966775,2024-01-01,2026-05-20
P_398,Part_398,subassembly,power_unit,30.844462582610465,0.5720312915826231,2024-01-01,2025-03-26
P_400,Part_400,subassembly,circuit_board,132.02973147602214,0.9439958781720788,2024-01-01,2025-08-23
P_401,Part_401,subassembly,control_panel,75.83902855145077,0.13875233875898496,2024-01-01,2025-05-25
P_403,Part_403,subassembly,circuit_board,127.62975843607148,0.23474831783165548,2024-01-01,2025-07-24
P_404,Part_404,subassembly,sensor_array,203.70288481996636,0.20974549966239092,2024-01-01,2025-06-24
P_405,Part_405,subassembly,sensor_array,182.29622052277387,0.21414462224688469,2024-01-01,2026-10-17
P_406,Part_406,subassembly,circuit_board,35.98332868758097,0.6477693634987646,2024-01-01,2026-12-16
P_407,Part_407,subassembly,circuit_board,50.050813500603944,0.6572922645307013,2024-01-01,2026-04-20
P_408,Part_408,subassembly,circuit_board,200.2090025388143,0.3887884774014534,2024-01-01,2026-03-21
P_409,Part_409,subassembly,power_unit,12.904839477589721,0.1547590239858857,2024-01-01,2026-09-17
P_410,Part_410,subassembly,housing_unit,122.72618201942568,0.8223846258033685,2024-01-01,2026-07-19
P_411,Part_411,subassembly,power_unit,211.8315850103485,0.4978545009724621,2024-01-01,2026-12-16
P_412,Part_412,subassembly,power_unit,244.76889052156756,0.4953789975145988,2024-01-01,2026-08-18
P_413,Part_413,subassembly,housing_unit,172.35149501489911,0.21225326046873505,2024-01-01,2026-12-16
P_415,Part_415,subassembly,power_unit,194.55315795039166,0.9803801201953344,2024-01-01,2025-09-22
P_416,Part_416,subassembly,circuit_board,271.0323269725585,0.963017399204843,2024-01-01,2025-06-24
P_418,Part_418,subassembly,sensor_array,267.15825815379543,0.5848474672049004,2024-01-01,2026-09-17
P_420,Part_420,subassembly,control_panel,28.929562916246127,0.13376165136555776,2024-01-01,2025-11-21
P_421,Part_421,subassembly,power_unit,43.35129144239948,0.9998650813697959,2024-01-01,2025-12-21
P_422,Part_422,subassembly,power_unit,146.65993983979237,0.918861074074895,2024-01-01,2026-02-19
P_423,Part_423,subassembly,housing_unit,47.39382392775474,0.4441307556672225,2024-01-01,2026-03-21
P_424,Part_424,subassembly,circuit_board,47.36064034659821,0.30155279054260764,2024-01-01,2026-01-20
P_425,Part_425,subassembly,circuit_board,106.14661121140577,0.6946406673969086,2024-01-01,2026-06-19
P_426,Part_426,subassembly,sensor_array,245.67986626330796,0.24466378134795982,2024-01-01,2025-08-23
P_427,Part_427,subassembly,housing_unit,66.28209191980662,0.17767950818690856,2024-01-01,2026-10-17
P_428,Part_428,subassembly,power_unit,173.1708105345637,0.32824280400026573,2024-01-01,2026-08-18
P_429,Part_429,subassembly,housing_unit,233.13946403227817,0.7594148007674959,2024-01-01,2025-08-23
P_430,Part_430,subassembly,control_panel,68.74932600857929,0.5351822036310387,2024-01-01,2025-07-24
P_431,Part_431,subassembly,circuit_board,150.1793707085102,0.5611347278543284,2024-01-01,2025-12-21
P_432,Part_432,subassembly,housing_unit,108.76531400058725,0.18243501891586716,2024-01-01,2025-04-25
P_433,Part_433,subassembly,power_unit,145.45823423096448,0.3699024664540934,2024-01-01,2026-07-19
P_434,Part_434,subassembly,circuit_board,232.79472698919142,0.4792429062934629,2024-01-01,2026-10-17
P_435,Part_435,subassembly,circuit_board,23.120675249170702,0.6516353986632951,2024-01-01,2025-12-21
P_436,Part_436,subassembly,control_panel,108.99911955874137,0.7152649956754005,2024-01-01,2025-09-22
P_437,Part_437,subassembly,power_unit,109.09828950037958,0.8816308623128135,2024-01-01,2026-09-17
P_438,Part_438,subassembly,circuit_board,134.3273435978968,0.2167554641802804,2024-01-01,2026-04-20
P_439,Part_439,subassembly,control_panel,56.33595180875013,0.5745785036120639,2024-01-01,2025-12-21
P_440,Part_440,subassembly,control_panel,78.21938577763018,0.8926472697247867,2024-01-01,2026-05-20
P_441,Part_441,subassembly,sensor_array,67.54560731530516,0.6670572047751293,2024-01-01,2025-09-22
P_442,Part_442,subassembly,control_panel,128.128475420231,0.2963003351623654,2024-01-01,2026-05-20
P_443,Part_443,subassembly,power_unit,168.72211523772333,0.4191869941146251,2024-01-01,2026-05-20
P_444,Part_444,subassembly,power_unit,237.10290043928458,0.4037763089096553,2024-01-01,2026-07-19
P_445,Part_445,subassembly,control_panel,207.48729849097677,0.7867301087020545,2024-01-01,2026-03-21
P_447,Part_447,subassembly,circuit_board,59.071019168483,0.8819172955899661,2024-01-01,2026-10-17
P_448,Part_448,subassembly,power_unit,62.58247703338881,0.553576591787625,2024-01-01,2025-08-23
P_449,Part_449,subassembly,housing_unit,178.4979814612639,0.5511929597697146,2024-01-01,2026-07-19
P_450,Part_450,subassembly,sensor_array,146.31681155547918,0.12280004397333827,2024-01-01,2025-09-22
